filename,UIQM,UCIQE
100_img_.png,0.0016038367757573724,0.3103219270706177
10139.png,0.001435956684872508,0.26595479249954224
10151.png,0.00272604962810874,0.35131019353866577
101_img_.png,0.0018771984614431858,0.3235033452510834
102_img_.png,0.0017096817027777433,0.46367108821868896
104_img_.png,0.0006892394158057868,0.34437301754951477
105_img_.png,0.0022080419585108757,0.40183764696121216
106_img_.png,0.00958782434463501,0.3743935227394104
107_img_.png,0.00177931715734303,0.4155837893486023
108_img_.png,0.0007572489557787776,0.27298155426979065
10909.png,0.0020244456827640533,0.3041054308414459
10945.png,0.0011621976736932993,0.24223746359348297
109_img_.png,0.00038929423317313194,0.34180396795272827
10_img_.png,0.00036121607990935445,0.3991052210330963
11052.png,0.0036165686324238777,0.3655520975589752
11064.png,0.0036121709272265434,0.39040106534957886
111_img_.png,0.002586635760962963,0.4083896279335022
112_img_.png,0.0002580749860499054,0.1899171769618988
11374.png,0.002090935595333576,0.2978086471557617
11398.png,0.0027208239771425724,0.3823418617248535
113_img_.png,0.000931419082917273,0.43176785111427307
114_img_.png,0.0018916262779384851,0.43524879217147827
115_img_.png,0.0007545053376816213,0.5960553884506226
116_img_.png,0.0009189760312438011,0.3311919867992401
117_img_.png,0.0020964699797332287,0.21195058524608612
118_img_.png,0.0016263164579868317,0.21027785539627075
11_img_.png,0.0014513612259179354,0.4313957989215851
120_img_.png,0.0013699701521545649,0.2034653127193451
121_img_.png,0.0014447261346504092,0.5467232465744019
1225.png,0.0015559311723336577,0.4144362211227417
12290.png,0.0005002541001886129,0.38924288749694824
12299.png,0.0006589965196326375,0.32049059867858887
122_img_.png,0.0014064621645957232,0.19158561527729034
12324.png,0.0007352199754677713,0.4392603933811188
12336.png,0.0006845565512776375,0.24944299459457397
12348.png,0.0005439830711111426,0.29718899726867676
123_img_.png,0.0017996683018282056,0.1800246238708496
12422.png,0.000669413770083338,0.2808627486228943
12433.png,0.0006057858699932694,0.3292304575443268
12445.png,0.0007827657973393798,0.3154936134815216
124_img_.png,0.0015673968009650707,0.21280890703201294
125_img_.png,0.0019687595777213573,0.18667206168174744
12900.png,0.0007028849795460701,0.3114725947380066
129_img_.png,0.0007365514757111669,0.3283535838127136
130_img_.png,0.001732713426463306,0.20150098204612732
131_img_.png,0.0011909260647371411,0.23939067125320435
133_img_.png,0.0015744653064757586,0.1643032729625702
135_img_.png,0.001282361801713705,0.2540205717086792
136_img_.png,0.0017903619445860386,0.3172968626022339
137_img_.png,0.0014510037144646049,0.18785083293914795
138_img_.png,0.0011079864343628287,0.2619902193546295
139_img_.png,0.00043275245116092265,0.31526675820350647
13_img_.png,0.0006977004813961685,0.23977449536323547
1407.png,0.0013605740386992693,0.3787389397621155
140_img_.png,0.000692568311933428,0.3334924578666687
141_img_.png,0.0015114224515855312,0.24283328652381897
142_img_.png,0.0008664007764309645,0.3593944311141968
143_img_.png,0.00037147002876736224,0.30919167399406433
144_img_.png,0.0014770160196349025,0.22432419657707214
145_img_.png,0.0014759935438632965,0.22128665447235107
146_img_.png,0.001577170449309051,0.2851640284061432
148_img_.png,0.001523633603937924,0.19877873361110687
1491.png,0.001062679337337613,0.3281370997428894
149_img_.png,0.005668927449733019,0.39573919773101807
14_img_.png,0.0013063986552879214,0.380400151014328
15001.png,0.0003409634518902749,0.3992779850959778
15003.png,0.0002761678188107908,0.3964967131614685
15045.png,0.0005004517734050751,0.21677042543888092
15094.png,0.0006190125131979585,0.23252330720424652
150_img_.png,0.0015151291154325008,0.23645997047424316
15113.png,0.0003484452608972788,0.2058759331703186
15136.png,0.0005072804051451385,0.21627792716026306
151_img_.png,0.001108722877688706,0.23828285932540894
152_img_.png,0.0026718960143625736,0.2870885133743286
1539.png,0.0013797545107081532,0.3180304169654846
153_img_.png,0.0013313883682712913,0.24978183209896088
15418.png,0.00025457347510382533,0.32092729210853577
15426.png,0.00023121281992644072,0.39002370834350586
154_img_.png,0.001664706040173769,0.18354164063930511
15544.png,0.00036212141276337206,0.3381717801094055
155_img_.png,0.002515009604394436,0.33101731538772583
156_img_.png,0.002263555768877268,0.22224760055541992
15704.png,0.0006066937348805368,0.1880701184272766
1573.png,0.0021061100997030735,0.4731515347957611
157_img_.png,0.00171621423214674,0.23328974843025208
158_img_.png,0.0022713528014719486,0.22287864983081818
159_img_.png,0.00156454648822546,0.18749921023845673
15_img_.png,0.002800503745675087,0.37633103132247925
160_img_.png,0.00033415743382647634,0.21034657955169678
161_img_.png,0.0025579489301890135,0.2577984631061554
162_img_.png,0.0020202607847750187,0.27521225810050964
163_img_.png,0.00289040501229465,0.27601635456085205
164_img_.png,0.001878461567685008,0.24205346405506134
165_img_.png,0.0018883520970121026,0.24110352993011475
1660.png,0.0006042078603059053,0.3282889723777771
166_img_.png,0.002547784708440304,0.35223284363746643
168_img_.png,0.0003064786724280566,0.3214258551597595
169_img_.png,0.0008050074684433639,0.29190361499786377
16_img_.png,0.001685095950961113,0.19741085171699524
170_img_.png,0.0014327655080705881,0.23320922255516052
171_img_.png,0.0011611881200224161,0.2353796511888504
172_img_.png,0.0010661029955372214,0.29159098863601685
173_img_.png,0.001221564132720232,0.30879369378089905
1742.png,0.0005548318731598556,0.297696977853775
174_img_.png,0.0005357981426641345,0.1514594554901123
175_img_.png,0.0010286644101142883,0.11836181581020355
176_img_.png,0.00456208037212491,0.3138551115989685
177_img_.png,0.001606835052371025,0.5152203440666199
178_img_.png,0.0013196916552260518,0.1649741232395172
179_img_.png,0.0017520191613584757,0.24235829710960388
17_img_.png,0.003815059084445238,0.3318815231323242
180_img_.png,0.002089104615151882,0.3704221248626709
182_img_.png,0.0017090330366045237,0.3730396032333374
183_img_.png,0.0015532874967902899,0.21837925910949707
184_img_.png,0.0004485450335778296,0.335046648979187
185_img_.png,0.002199492882937193,0.3042985498905182
186_img_.png,0.0008203835459426045,0.3671702742576599
187_img_.png,0.0015373693313449621,0.21192435920238495
188_img_.png,0.0021651950664818287,0.2757530212402344
189_img_.png,0.0007694765808992088,0.30885037779808044
18_img_.png,0.0005453024059534073,0.29552701115608215
190_img_.png,0.0018885780591517687,0.20561528205871582
191_img_.png,0.001931381644681096,0.26766037940979004
192_img_.png,0.0026573259383440018,0.2893672585487366
193_img_.png,0.005518059246242046,0.4022633731365204
194_img_.png,0.0020695424173027277,0.25633156299591064
1957.png,0.0007453679572790861,0.285347580909729
195_img_.png,0.0016543897800147533,0.1861550211906433
196_img_.png,0.0022987844422459602,0.28181445598602295
197_img_.png,0.0034389495849609375,0.3392137289047241
198_img_.png,0.0020272103138267994,0.24648311734199524
199_img_.png,0.0018817353993654251,0.2643367052078247
19_img_.png,0.0017883928958326578,0.44681674242019653
20.png,0.0012145261280238628,0.3434824049472809
200_img_.png,0.0047446489334106445,0.40262115001678467
201_img_.png,0.003038295079022646,0.3360128402709961
202_img_.png,0.001717845443636179,0.30272743105888367
203_img_.png,0.0007308589993044734,0.399066686630249
204_img_.png,0.0014791169669479132,0.353990375995636
205_img_.png,0.0012644152157008648,0.11361190676689148
206_img_.png,0.0022622093092650175,0.30368056893348694
207_img_.png,0.00219671125523746,0.2797522246837616
208_img_.png,0.0007386482320725918,0.21944710612297058
209_img_.png,0.0019953600130975246,0.213679701089859
210_img_.png,0.0018916153348982334,0.24020349979400635
211_img_.png,0.002430626191198826,0.2927592992782593
212_img_.png,0.0025694374926388264,0.3031090795993805
213_img_.png,0.0016000729519873857,0.15862177312374115
214_img_.png,0.001617505680769682,0.1427023559808731
215_img_.png,0.002011663746088743,0.19575706124305725
216_img_.png,0.002088008914142847,0.23054032027721405
217_img_.png,0.0017774139996618032,0.2027091532945633
219_img_.png,0.0032701725140213966,0.3813864588737488
220_img_.png,0.0024108928628265858,0.25296932458877563
221_img_.png,0.00269835046492517,0.5482057332992554
222_img_.png,0.0006172230932861567,0.34690532088279724
223_img_.png,0.002047422342002392,0.20974181592464447
224_img_.png,0.0019539655186235905,0.19015485048294067
225_img_.png,0.011592075228691101,0.45039063692092896
226_img_.png,0.0015145777724683285,0.138978511095047
227_img_.png,0.0025656037032604218,0.3601036071777344
228_img_.png,0.0021321605890989304,0.4482269287109375
229_img_.png,0.0009374379878863692,0.4039025902748108
22_img_.png,0.0013706283643841743,0.15977439284324646
230_img_.png,0.0026453391183167696,0.2752822935581207
231_img_.png,0.0013422798365354538,0.11883755028247833
232_img_.png,0.0016582634998485446,0.15025192499160767
233_img_.png,0.001712897210381925,0.1715298891067505
234_img_.png,0.002289281692355871,0.22461605072021484
236_img_.png,0.0017643870087340474,0.1720808744430542
238_img_.png,0.0012140637263655663,0.12950968742370605
23_img_.png,0.001785531174391508,0.2375277876853943
240_img_.png,0.0008899641688913107,0.44371283054351807
241_img_.png,0.0011976304231211543,0.10531003028154373
242_img_.png,0.0018504536710679531,0.14931230247020721
243_img_.png,0.0015686098486185074,0.13152067363262177
244_img_.png,0.007747329771518707,0.3667795658111572
245_img_.png,0.0015027369372546673,0.13273626565933228
246_img_.png,0.0020334317814558744,0.42562392354011536
247_img_.png,0.0019032740965485573,0.20082738995552063
248_img_.png,0.0009324765997007489,0.1258772611618042
24_img_.png,0.0011716436129063368,0.1716395914554596
251_img_.png,0.0022415323182940483,0.259624183177948
252_img_.png,0.0015372673515230417,0.16420912742614746
253_img_.png,0.002371539594605565,0.26287323236465454
2546.png,0.0013112443266436458,0.3343864977359772
254_img_.png,0.000841197557747364,0.11732451617717743
255_img_.png,0.0003204210661351681,0.31144171953201294
257_img_.png,0.0016691973432898521,0.22064734995365143
258_img_.png,0.0021500487346202135,0.3653845191001892
259_img_.png,0.003487098030745983,0.36125272512435913
25_img_.png,0.0012824197765439749,0.18627285957336426
260_img_.png,0.002648681867867708,0.3813369870185852
261_img_.png,0.0015956347342580557,0.14809764921665192
2629.png,0.0005392908351495862,0.33070623874664307
262_img_.png,0.001334529253654182,0.12847904860973358
263_img_.png,0.0016371887177228928,0.31668758392333984
265_img_.png,0.0012647159164771438,0.1394924521446228
266_img_.png,0.0017932698829099536,0.19447408616542816
2677.png,0.0007235494558699429,0.27236437797546387
267_img_.png,0.001165793975815177,0.1270056664943695
268_img_.png,0.0010188153246417642,0.2946072816848755
26_img_.png,0.0010242491262033582,0.15757498145103455
2701.png,0.0016210214234888554,0.4107876420021057
270_img_.png,0.0014032634207978845,0.18883761763572693
271_img_.png,0.0023276484571397305,0.31589275598526
272_img_.png,0.0010903622023761272,0.12990529835224152
273_img_.png,0.0013003655476495624,0.18421006202697754
274_img_.png,0.004190803971141577,0.3609481155872345
275_img_.png,0.002252527279779315,0.2777694761753082
276_img_.png,0.0011791271390393376,0.15191400051116943
2774.png,0.0006264912663027644,0.3322056233882904
277_img_.png,0.0016549192368984222,0.3606346845626831
2787.png,0.0005227069486863911,0.3291437029838562
278_img_.png,0.003885397221893072,0.43879735469818115
279_img_.png,0.0009100580355152488,0.46253126859664917
27_img_.png,0.0010948951821774244,0.14816275238990784
280_img_.png,0.0010895992163568735,0.12067225575447083
281_img_.png,0.0014134375378489494,0.14590932428836823
282_img_.png,0.013576794415712357,0.31131094694137573
284_img_.png,0.014949782751500607,0.3708341419696808
285_img_.png,0.001370710670016706,0.32502835988998413
287_img_.png,0.0021412274800240993,0.48259449005126953
2882.png,0.0008445172570645809,0.27097219228744507
288_img_.png,0.014014936983585358,0.35000476241111755
28_img_.png,0.0015113292029127479,0.42570459842681885
290_img_.png,0.022403493523597717,0.4062017798423767
292_img_.png,0.010948355309665203,0.3288668096065521
293_img_.png,0.02121616341173649,0.4939032793045044
294_img_.png,0.03030475042760372,0.45018333196640015
295_img_.png,0.016821352764964104,0.3533098101615906
296_img_.png,0.0010928353294730186,0.2652590870857239
2977.png,0.001023526187054813,0.3907402455806732
298_img_.png,0.002029848750680685,0.522314190864563
299_img_.png,0.007577826268970966,0.3050439953804016
29_img_.png,0.0013307956978678703,0.3273890018463135
2_img_.png,0.0023085307329893112,0.5534180402755737
3001.png,0.0009115576976910233,0.35379165410995483
300_img_.png,0.01376196090131998,0.44098037481307983
3015.png,0.0010735212126746774,0.35932454466819763
301_img_.png,0.008633031509816647,0.3095659911632538
302_img_.png,0.011718584224581718,0.35561004281044006
303_img_.png,0.013172535225749016,0.32555675506591797
304_img_.png,0.02310311794281006,0.35037851333618164
305_img_.png,0.013221216388046741,0.30981460213661194
306_img_.png,0.01304825209081173,0.4046028256416321
307_img_.png,0.010756729170680046,0.3217366933822632
30_img_.png,0.0015255233738571405,0.30740708112716675
31.png,0.0011589733185246587,0.36798930168151855
311_img_.png,0.014263493940234184,0.3189579248428345
312_img_.png,0.027460243552923203,0.4442824721336365
313_img_.png,0.01703772321343422,0.35474893450737
314_img_.png,0.011218173429369926,0.2791641354560852
315_img_.png,0.02608369290828705,0.42720675468444824
316_img_.png,0.016091082245111465,0.3586820960044861
317_img_.png,0.016944337636232376,0.3994549512863159
318_img_.png,0.02090827003121376,0.3510892987251282
3196.png,0.001042533083818853,0.3476898670196533
319_img_.png,0.014406252652406693,0.3960135579109192
3202.png,0.0009048391948454082,0.3417939841747284
320_img_.png,0.02845458872616291,0.44277244806289673
322_img_.png,0.019166916608810425,0.4107930064201355
323_img_.png,0.017689771950244904,0.5586070418357849
324_img_.png,0.024005863815546036,0.413056880235672
325_img_.png,0.02114225924015045,0.4457881450653076
326_img_.png,0.018771033734083176,0.42623817920684814
327_img_.png,0.014586296863853931,0.4173339009284973
328_img_.png,0.0010729532223194838,0.213106170296669
32_img_.png,0.0014784513041377068,0.3540579080581665
330_img_.png,0.005886198487132788,0.3750762939453125
332_img_.png,0.0150923952460289,0.5216214656829834
3330.png,0.001000883523374796,0.45265114307403564
334_img_.png,0.022721663117408752,0.39513733983039856
336_img_.png,0.018578538671135902,0.38711345195770264
337_img_.png,0.019841093569993973,0.38526785373687744
338_img_.png,0.02075798623263836,0.49145936965942383
340_img_.png,0.012909682467579842,0.3526979982852936
341_img_.png,0.01756323128938675,0.37508130073547363
342_img_.png,0.010285254567861557,0.22728008031845093
343_img_.png,0.015016984194517136,0.32009363174438477
345_img_.png,0.0002465610159561038,0.3346185088157654
346_img_.png,0.028528880327939987,0.32094085216522217
347_img_.png,0.014905577525496483,0.31392356753349304
348_img_.png,0.007846059277653694,0.2896537184715271
35.png,0.0013416532892733812,0.38692671060562134
350_img_.png,0.018582433462142944,0.3354296088218689
351_img_.png,0.023011567071080208,0.3529079258441925
353_img_.png,0.01770206168293953,0.27803975343704224
355_img_.png,0.011772995814681053,0.3816688060760498
356_img_.png,0.011371659114956856,0.3604910969734192
359_img_.png,0.023447664454579353,0.6343730688095093
360_img_.png,0.008988574147224426,0.370223730802536
361_img_.png,0.013208026997745037,0.441545695066452
362_img_.png,0.014003016985952854,0.5054133534431458
363_img_.png,0.012781129218637943,0.5810248851776123
364_img_.png,0.007811645045876503,0.5885066390037537
3650.png,0.0008510572370141745,0.28489625453948975
365_img_.png,0.0016082639340311289,0.39625418186187744
366_img_.png,0.026291880756616592,0.43080103397369385
367_img_.png,0.016197936609387398,0.3982011675834656
369_img_.png,0.0011439146474003792,0.33134233951568604
370_img_.png,0.0007466712268069386,0.2801385521888733
371_img_.png,0.00046748926979489625,0.2585972249507904
3728.png,0.0008065649308264256,0.24758173525333405
372_img_.png,0.0007890663109719753,0.16877058148384094
373_img_.png,0.0002079211117234081,0.3268098831176758
374_img_.png,0.0002158479910576716,0.2848648130893707
375_img_.png,0.0009144892683252692,0.3469488322734833
376_img_.png,0.0009750613244250417,0.29885387420654297
377_img_.png,0.000502471870277077,0.22344300150871277
378_img_.png,0.0008780629141256213,0.25257739424705505
379_img_.png,0.0007115662447176874,0.2726423740386963
37_img_.png,0.0027671284042298794,0.34433698654174805
380_img_.png,0.00029364347574301064,0.22097648680210114
381_img_.png,0.0011947776656597853,0.28835365176200867
382_img_.png,0.0028659068048000336,0.1870960295200348
383_img_.png,0.0005395195912569761,0.23856082558631897
384_img_.png,0.0004840213805437088,0.3194080591201782
385_img_.png,0.0006298510706983507,0.2548041343688965
386_img_.png,0.0010405933717265725,0.2812550663948059
387_img_.png,0.0008103817235678434,0.1962517499923706
389_img_.png,0.0006790374172851443,0.3248888850212097
391_img_.png,0.00016165325359907,0.29305338859558105
3925.png,0.0004165873979218304,0.2316325306892395
392_img_.png,0.001345041673630476,0.44799625873565674
393_img_.png,0.0009157086024060845,0.3031991422176361
3947.png,0.0006249981233850121,0.28428396582603455
394_img_.png,0.001493867952376604,0.2974208891391754
395_img_.png,0.003053976921364665,0.37149566411972046
39_img_.png,0.0022878539748489857,0.4581666588783264
3_img_.png,0.0015160876791924238,0.4403177499771118
4.png,0.0010715842945501208,0.3823251724243164
400_img_.png,0.003622874151915312,0.478744238615036
401_img_.png,0.0007137843640521169,0.31630533933639526
402_img_.png,0.0031186770647764206,0.33727702498435974
403_img_.png,0.0010536238551139832,0.4211689829826355
404_img_.png,0.0022704259026795626,0.3285033106803894
405_img_.png,0.000932229682803154,0.24388645589351654
406_img_.png,0.001345807104371488,0.26199063658714294
4070.png,0.00040742632700130343,0.22094279527664185
407_img_.png,0.0014512897469103336,0.3282904028892517
408_img_.png,0.0027040457352995872,0.32301008701324463
409_img_.png,0.0016283682780340314,0.37470144033432007
410_img_.png,0.0016189580783247948,0.3865451216697693
411_img_.png,0.0015046198386698961,0.41246023774147034
412_img_.png,0.003157957922667265,0.32251906394958496
413_img_.png,0.005966946016997099,0.4601391553878784
415_img_.png,0.0008978591649793088,0.25139319896698
416_img_.png,0.0012143257772549987,0.2997743487358093
417_img_.png,0.002741326577961445,0.30301934480667114
418_img_.png,0.0030189184471964836,0.3505884110927582
419_img_.png,0.002562840934842825,0.5443264245986938
41_img_.png,0.004110116511583328,0.34538206458091736
420_img_.png,0.0028807478956878185,0.5336467623710632
421_img_.png,0.026047194376587868,0.5563890337944031
422_img_.png,0.0018815331859514117,0.4167672395706177
423_img_.png,0.0018706665141507983,0.45496681332588196
424_img_.png,0.006579252891242504,0.4244699478149414
425_img_.png,0.0010794035624712706,0.3674626052379608
428_img_.png,0.0032521886751055717,0.42172685265541077
429_img_.png,0.0008533953223377466,0.2924272418022156
42_img_.png,0.0015438576228916645,0.43186283111572266
432_img_.png,0.0007437369786202908,0.19140154123306274
433_img_.png,0.0026037590578198433,0.3479945659637451
435_img_.png,0.000334480544552207,0.4359634220600128
436_img_.png,0.0028819027356803417,0.3865899443626404
437_img_.png,0.0010265131713822484,0.27632319927215576
438_img_.png,0.000869463081471622,0.4055550694465637
439_img_.png,0.00039470818592235446,0.30168887972831726
43_img_.png,0.0016411063261330128,0.4553571343421936
440_img_.png,0.00022700228146277368,0.31134337186813354
441_img_.png,0.0003534870338626206,0.31689146161079407
442_img_.png,0.00314498133957386,0.29635918140411377
443_img_.png,0.002296803519129753,0.3409345746040344
444_img_.png,0.0016379040898755193,0.26494336128234863
445_img_.png,0.0006161022465676069,0.30703073740005493
446_img_.png,0.0008723720675334334,0.4089218080043793
447_img_.png,0.001085288473404944,0.2189083993434906
448_img_.png,0.001426048344001174,0.4634615480899811
449_img_.png,0.0033865123987197876,0.4280567467212677
44_img_.png,0.003595228772610426,0.4382714331150055
450_img_.png,0.0019852500408887863,0.3777061104774475
451_img_.png,0.0032294197008013725,0.37831002473831177
452_img_.png,0.007498668506741524,0.4069734811782837
453_img_.png,0.0014135472010821104,0.26157069206237793
454_img_.png,0.0006748184678144753,0.2911638617515564
455_img_.png,0.0006386892055161297,0.313934862613678
457_img_.png,0.003305357415229082,0.24956634640693665
458_img_.png,0.0013324288884177804,0.2499936819076538
459_img_.png,0.0012899828143417835,0.4582436680793762
45_img_.png,0.0006118487799540162,0.28455430269241333
460_img_.png,0.01875757798552513,0.4146806597709656
461_img_.png,0.000854991958476603,0.4641677141189575
462_img_.png,0.0030946056358516216,0.4440761208534241
463_img_.png,0.008173802867531776,0.35190892219543457
464_img_.png,0.0007084168028086424,0.42789173126220703
465_img_.png,0.0010399653110653162,0.33785706758499146
466_img_.png,0.009279553778469563,0.32140251994132996
467_img_.png,0.0014860723167657852,0.2599593698978424
468_img_.png,0.0017780044581741095,0.46841341257095337
469_img_.png,0.0004602526023518294,0.17678746581077576
46_img_.png,0.002806316828355193,0.4608505368232727
470_img_.png,6.173463771119714e-05,0.28967756032943726
471_img_.png,0.0024836487136781216,0.23124566674232483
472_img_.png,0.0036875754594802856,0.2837328016757965
473_img_.png,0.002066322136670351,0.4246848225593567
476_img_.png,0.0046496340073645115,0.19664153456687927
477_img_.png,0.001200629398226738,0.2251676321029663
478_img_.png,0.002104085637256503,0.36941462755203247
479_img_.png,0.0004733474925160408,0.13646049797534943
480_img_.png,0.0009398479014635086,0.27946797013282776
481_img_.png,0.0014772769063711166,0.2710937559604645
482_img_.png,0.0032489027362316847,0.38928961753845215
483_img_.png,0.00402289442718029,0.49340152740478516
484_img_.png,0.0016909569967538118,0.27922335267066956
485_img_.png,0.00048072473146021366,0.2852887511253357
486_img_.png,0.0011186784831807017,0.26877737045288086
487_img_.png,0.0036553088575601578,0.362714946269989
488_img_.png,0.0011647881474345922,0.3628513813018799
489_img_.png,0.0007922424119897187,0.3238036334514618
48_img_.png,0.0019426100188866258,0.3384861648082733
490_img_.png,0.0016639498062431812,0.32494840025901794
491_img_.png,0.0018219288904219866,0.3201993405818939
492_img_.png,0.0015624037478119135,0.24300917983055115
493_img_.png,0.0006565774674527347,0.2145959734916687
494_img_.png,0.0007223585853353143,0.2903369069099426
495_img_.png,0.007758753839880228,0.3235471248626709
496_img_.png,0.0020881888922303915,0.33471351861953735
497_img_.png,0.002808391349390149,0.3489046096801758
498_img_.png,0.0007952987216413021,0.3699246644973755
499_img_.png,0.0019053930882364511,0.44494712352752686
49_img_.png,0.0014492440968751907,0.4272879958152771
4_img_.png,0.0028941123746335506,0.3050059676170349
501_img_.png,0.00042915070662274957,0.2464926540851593
502_img_.png,0.000624176871497184,0.2795924246311188
503_img_.png,0.00043459743028506637,0.30419373512268066
504_img_.png,0.0005970840575173497,0.22974815964698792
505_img_.png,0.00045337737537920475,0.24757419526576996
506_img_.png,0.0012823436409235,0.44205743074417114
507_img_.png,0.0009399988921359181,0.4197638928890228
508_img_.png,0.0012444701278582215,0.2652808725833893
509_img_.png,0.001043152529746294,0.2601655423641205
50_img_.png,0.0018199023324996233,0.3582334518432617
510_img_.png,0.0006309309974312782,0.3327416777610779
511_img_.png,0.0014230471570044756,0.47477734088897705
512_img_.png,0.0014059460954740644,0.31738409399986267
513_img_.png,0.0013729624915868044,0.3474854826927185
515_img_.png,0.0004241865244694054,0.34035855531692505
516_img_.png,0.002228825818747282,0.2915663421154022
517_img_.png,0.007570318412035704,0.4480651617050171
518_img_.png,0.001293886685743928,0.28872543573379517
519_img_.png,0.001529246219433844,0.4308629333972931
51_img_.png,0.0021861190907657146,0.3143921494483948
524_img_.png,0.0011101666605100036,0.4291455149650574
526_img_.png,0.0015521736349910498,0.29852715134620667
527_img_.png,0.001188211259432137,0.287161648273468
528_img_.png,0.0012185927480459213,0.32817161083221436
52_img_.png,0.0025482922792434692,0.32990729808807373
530_img_.png,0.0025579826906323433,0.3635793924331665
531_img_.png,0.0007005427614785731,0.3025628328323364
532_img_.png,0.0017291635740548372,0.39226293563842773
533_img_.png,0.0017800434725359082,0.4183768630027771
534_img_.png,0.0007397538283839822,0.25069501996040344
535_img_.png,0.0010620782850310206,0.38511425256729126
536_img_.png,0.004127618856728077,0.3047817349433899
537_img_.png,0.004350867588073015,0.2979646623134613
538_img_.png,0.0029900597874075174,0.30309945344924927
539.png,0.0009680328657850623,0.3798871636390686
539_img_.png,0.006367369554936886,0.39474865794181824
53_img_.png,0.003909597638994455,0.35865938663482666
540_img_.png,0.003321815747767687,0.31508076190948486
541_img_.png,0.0037135134916752577,0.3163713216781616
542_img_.png,0.004960740450769663,0.3250070810317993
543_img_.png,0.0036951592192053795,0.3275868892669678
544_img_.png,0.0012628281256183982,0.20707163214683533
545_img_.png,0.0011657227296382189,0.17816749215126038
546_img_.png,0.0033095250837504864,0.29651790857315063
547_img_.png,0.000872880918905139,0.3341580331325531
549_img_.png,0.001497425022535026,0.20241603255271912
550_img_.png,0.0032269665971398354,0.27972689270973206
551_img_.png,0.0045719933696091175,0.31259292364120483
552_img_.png,0.0034035081043839455,0.2695682942867279
554_img_.png,0.004064642358571291,0.30724141001701355
5554.png,0.000919018522836268,0.32588857412338257
555_img_.png,0.0033717297483235598,0.33562636375427246
556_img_.png,0.004423195496201515,0.3793903589248657
557.png,0.0010336700361222029,0.2991614043712616
557_img_.png,0.003522631246596575,0.29809996485710144
558_img_.png,0.0032269665971398354,0.27972689270973206
559.png,0.0009683130774646997,0.2977185547351837
55_img_.png,0.003197519574314356,0.3581397235393524
560_img_.png,0.0033639047760516405,0.27659666538238525
561_img_.png,0.002642969600856304,0.22173136472702026
562_img_.png,0.002051150891929865,0.3047083616256714
563.png,0.000695554306730628,0.2658252418041229
563_img_.png,0.0015777322696521878,0.22179988026618958
564_img_.png,0.0011305718217045069,0.23746775090694427
566_img_.png,0.0018269614083692431,0.23949173092842102
567.png,0.0006800886476412416,0.2533760964870453
567_img_.png,0.0009102172334678471,0.15440219640731812
568_img_.png,0.0009228759445250034,0.1445695459842682
569_img_.png,0.0016088980482891202,0.26809924840927124
56_img_.png,0.001823764992877841,0.2758338451385498
570_img_.png,0.002727453364059329,0.2768372893333435
571_img_.png,0.0028510848060250282,0.3355022072792053
572_img_.png,0.0019817035645246506,0.2333027422428131
573_img_.png,0.0013089923886582255,0.16720977425575256
574_img_.png,0.0010859749745577574,0.3316095173358917
575_img_.png,0.002179821953177452,0.2488766312599182
576_img_.png,0.00258416635915637,0.23989927768707275
577_img_.png,0.0011336735915392637,0.24353288114070892
578_img_.png,0.002447023754939437,0.2891780138015747
579_img_.png,0.0016802551690489054,0.24109233915805817
57_img_.png,0.004098017234355211,0.461523175239563
580_img_.png,0.0011401697993278503,0.23586398363113403
5818.png,0.0005587359191849828,0.2469329833984375
581_img_.png,0.0014391412260010839,0.2969268560409546
582_img_.png,0.001822923542931676,0.2717360854148865
5830.png,0.00037239366793073714,0.22978997230529785
583_img_.png,0.004579651635140181,0.29988038539886475
584_img_.png,0.0020373635925352573,0.3288179039955139
585_img_.png,0.0029674889519810677,0.301964670419693
586_img_.png,0.00349318771623075,0.2763301134109497
587_img_.png,0.002866011578589678,0.278441846370697
588_img_.png,0.0027570559177547693,0.2784348726272583
589_img_.png,0.00154008693061769,0.20302894711494446
58_img_.png,0.00226448941975832,0.3147507309913635
590_img_.png,0.0019434625282883644,0.24221348762512207
591_img_.png,0.002679156605154276,0.3205537796020508
592_img_.png,0.0015690566506236792,0.2454187273979187
593_img_.png,0.00246786093339324,0.28351956605911255
594_img_.png,0.0030673020519316196,0.3001231551170349
595_img_.png,0.002736189868301153,0.28832611441612244
596_img_.png,0.002410821383818984,0.2516932189464569
597_img_.png,0.0022701602429151535,0.3074483275413513
598.png,0.001489414949901402,0.33629393577575684
598_img_.png,0.0021247249096632004,0.2660515308380127
599_img_.png,0.002050956478342414,0.23476818203926086
59_img_.png,0.003968684934079647,0.42510488629341125
600_img_.png,0.0024551539681851864,0.2235814929008484
601_img_.png,0.0025454466231167316,0.21500885486602783
602_img_.png,0.0023212344385683537,0.26101383566856384
603_img_.png,0.002897056518122554,0.30653801560401917
604_img_.png,0.0026786429807543755,0.32441872358322144
605_img_.png,0.0027958345599472523,0.2895621061325073
6062.png,0.00193775724619627,0.3565068244934082
606_img_.png,0.00255276495590806,0.2337798774242401
607_img_.png,0.0012570611434057355,0.27819517254829407
6082.png,0.000807994685601443,0.29924821853637695
608_img_.png,0.0014164389576762915,0.1880798041820526
609_img_.png,0.002617731224745512,0.2816876173019409
60_img_.png,0.009611962363123894,0.3870084285736084
610_img_.png,0.0009180647321045399,0.3228504955768585
611_img_.png,0.0011483634589239955,0.37309712171554565
612_img_.png,0.002155526075512171,0.2492205798625946
613_img_.png,0.001534647191874683,0.23697873950004578
614_img_.png,0.001651968341320753,0.26162928342819214
615_img_.png,0.0016042899806052446,0.23988962173461914
616_img_.png,0.0024533215910196304,0.320588618516922
617_img_.png,0.0015000328421592712,0.1792846918106079
618_img_.png,0.0024552871473133564,0.26277124881744385
619_img_.png,0.0009757655207067728,0.20335938036441803
61_img_.png,0.001991873374208808,0.37019020318984985
620_img_.png,0.001492359908297658,0.2664126753807068
621_img_.png,0.002006757538765669,0.24491211771965027
622_img_.png,0.001335682114586234,0.37395328283309937
623_img_.png,0.002393606584519148,0.2535978853702545
625_img_.png,0.0020742055494338274,0.27529221773147583
626_img_.png,0.0025014395359903574,0.2709213197231293
627_img_.png,0.0011907232692465186,0.21245989203453064
628_img_.png,0.0024254233576357365,0.27109962701797485
629_img_.png,0.0026580016128718853,0.24525552988052368
62_img_.png,0.0009065899648703635,0.13456985354423523
630_img_.png,0.0023756001610308886,0.2866355776786804
631_img_.png,0.003301790449768305,0.29163774847984314
632_img_.png,0.006258009932935238,0.7053782939910889
633_img_.png,0.0024023845326155424,0.23341968655586243
634_img_.png,0.0019703092984855175,0.2861885726451874
635_img_.png,0.001581127755343914,0.2777763903141022
636_img_.png,0.002994345035403967,0.28746849298477173
637_img_.png,0.0028499062173068523,0.2793523073196411
638_img_.png,0.001359154935926199,0.1991266906261444
639_img_.png,0.0027581462636590004,0.3017885386943817
63_img_.png,0.00281232176348567,0.4538896679878235
640_img_.png,0.001439882442355156,0.25822770595550537
641_img_.png,0.0013800893211737275,0.21269407868385315
642_img_.png,0.0022287494502961636,0.26238131523132324
645_img_.png,0.0020424930844455957,0.3201180696487427
646_img_.png,0.002089104615151882,0.3704221248626709
647_img_.png,0.0015181808266788721,0.3250293731689453
648_img_.png,0.001822923542931676,0.2717360854148865
649_img_.png,0.002584397792816162,0.36532193422317505
64_img_.png,0.0012491990346461535,0.3666621744632721
650_img_.png,0.0008876663632690907,0.43552422523498535
651.png,0.0016681744018569589,0.4166896641254425
651_img_.png,0.002083259169012308,0.6034597754478455
652_img_.png,0.0017964299768209457,0.3063141107559204
653_img_.png,0.0025947815738618374,0.31281834840774536
654_img_.png,0.0007313321111723781,0.3675769567489624
655_img_.png,0.0007120350492186844,0.36088165640830994
656_img_.png,0.0005199593142606318,0.19973883032798767
657_img_.png,0.0009524684282951057,0.3694154918193817
658_img_.png,0.00028367905179038644,0.33838993310928345
659_img_.png,0.0004978898214176297,0.3036060929298401
65_img_.png,0.0019576402846723795,0.40469902753829956
660_img_.png,0.000509521400090307,0.3104926347732544
661_img_.png,0.0007515342440456152,0.5318922996520996
662_img_.png,0.0006174174486659467,0.3040524125099182
663_img_.png,0.0004403477651067078,0.3700597286224365
666_img_.png,0.0009884441969916224,0.3048253655433655
668_img_.png,0.0007838674355298281,0.3205769658088684
670_img_.png,0.0007690524798817933,0.2624480128288269
672_img_.png,0.0013211132027208805,0.3738551139831543
673_img_.png,0.0014803280355408788,0.4223901033401489
674_img_.png,0.0011241763131693006,0.4028617739677429
675_img_.png,0.0010446265805512667,0.44937288761138916
676_img_.png,0.001411499921232462,0.4581628739833832
677_img_.png,0.0040456815622746944,0.4235457181930542
6788.png,9.956027497537434e-05,0.20821580290794373
678_img_.png,0.00209594564512372,0.39874428510665894
679_img_.png,0.0034631825983524323,0.40617725253105164
67_img_.png,0.001689943834207952,0.379597008228302
680_img_.png,0.002728008199483156,0.3570753335952759
681_img_.png,0.0029204811435192823,0.38644662499427795
6820.png,0.0005869274027645588,0.3561188578605652
682_img_.png,0.004115891642868519,0.42900392413139343
683_img_.png,0.0025958321057260036,0.5172862410545349
684_img_.png,0.001791935646906495,0.3875836133956909
685_img_.png,-2.752884029177949e-06,0.266427218914032
686_img_.png,0.00019377449643798172,0.35102328658103943
6872.png,0.0004169139137957245,0.3513268828392029
687_img_.png,-0.00030176324071362615,0.2532200217247009
688_img_.png,0.0007409279933199286,0.407702773809433
689_img_.png,-3.652687155408785e-05,0.3176518678665161
690_img_.png,0.000655490206554532,0.393215537071228
691_img_.png,0.002906756242737174,0.424238383769989
692_img_.png,0.0008974131778813899,0.3278465270996094
694_img_.png,0.0012342422269284725,0.4203642010688782
695_img_.png,0.001998116495087743,0.3248441219329834
696_img_.png,0.0012740709353238344,0.257946252822876
697_img_.png,0.001089191995561123,0.2600042223930359
698_img_.png,0.0022474753204733133,0.3800544738769531
699_img_.png,0.0015848269686102867,0.3964500427246094
6_img_.png,0.0006684605032205582,0.325981467962265
700_img_.png,0.002426681574434042,0.40177667140960693
701_img_.png,0.0005025773425586522,0.3821421265602112
7027.png,0.00030132842948660254,0.3016190230846405
702_img_.png,0.0007038266630843282,0.22447367012500763
703_img_.png,0.0006227076519280672,0.26304665207862854
704_img_.png,0.0007347465725615621,0.19325004518032074
705_img_.png,0.0012019728310406208,0.3838080167770386
706_img_.png,0.0025654220953583717,0.45798853039741516
707_img_.png,0.0009475476108491421,0.3863128423690796
708_img_.png,0.0016322566661983728,0.3936293423175812
709_img_.png,0.0018454603850841522,0.8924728631973267
70_img_.png,0.0006267968565225601,0.3208773136138916
710_img_.png,0.002990834880620241,0.4183346629142761
711_img_.png,0.0007253639632835984,0.2824910581111908
712_img_.png,0.0009392579668201506,0.30201518535614014
713_img_.png,0.0008288483368232846,0.28667134046554565
714_img_.png,0.0007014197763055563,0.2898787260055542
715_img_.png,0.0010526643600314856,0.3571835160255432
716_img_.png,0.0012196989264339209,0.3714328408241272
718_img_.png,0.0009437594562768936,0.2889518141746521
719_img_.png,0.0005964497104287148,0.3470063805580139
720_img_.png,0.0010391674004495144,0.42609894275665283
721_img_.png,0.0018205640371888876,0.43573811650276184
722_img_.png,0.0017577779944986105,0.4054272770881653
723_img_.png,0.0018617903115227818,0.49808695912361145
724_img_.png,0.0007139903027564287,0.3696703314781189
725_img_.png,0.0014408719725906849,0.45316675305366516
726_img_.png,0.0022400175221264362,0.4146406054496765
727_img_.png,0.001269621541723609,0.4179961383342743
728_img_.png,0.0007209252216853201,0.3583921790122986
729_img_.png,0.0005990331992506981,0.3716346323490143
72_img_.png,0.0007932215230539441,0.3395925760269165
730_img_.png,0.0009820509003475308,0.36633551120758057
731_img_.png,0.0009325330029241741,0.3544364869594574
732_img_.png,0.0009881051955744624,0.3631688356399536
733_img_.png,0.0003333128406666219,0.3417989909648895
734_img_.png,0.0009644260280765593,0.3849390745162964
735_img_.png,0.0017742154886946082,0.3771924376487732
736_img_.png,0.0012289357837289572,0.3556850254535675
737_img_.png,0.0031071025878190994,0.431757390499115
738_img_.png,0.001163555309176445,0.4260295033454895
73_img_.png,0.003660912625491619,0.37961333990097046
740_img_.png,0.0009562905179336667,0.32220250368118286
741_img_.png,0.0009675932233221829,0.37561315298080444
743_img_.png,0.00016438442980870605,0.31356728076934814
744_img_.png,0.0026828283444046974,0.3550579249858856
745_img_.png,0.0009003707091324031,0.3386595845222473
746_img_.png,0.002174497116357088,0.3574870824813843
747_img_.png,0.0004586713039316237,0.3516066074371338
748_img_.png,0.000423148536356166,0.31872713565826416
749_img_.png,0.000795714498963207,0.3418735861778259
74_img_.png,0.0012488759821280837,0.242797389626503
750_img_.png,0.0011434125481173396,0.45073017477989197
751_img_.png,0.0013465727679431438,0.38885438442230225
752_img_.png,0.0031208086293190718,0.39065539836883545
753_img_.png,0.0014082761481404305,0.3802974224090576
754_img_.png,0.0008993861265480518,0.4000285267829895
756.png,0.0014514686772599816,0.48659276962280273
756_img_.png,0.0013084989041090012,0.36515969038009644
757_img_.png,0.0008783143712207675,0.4259316325187683
758.png,0.0021797772496938705,0.45147955417633057
758_img_.png,0.00031972816213965416,0.3705669045448303
759_img_.png,0.0009531275136396289,0.3904540538787842
760_img_.png,0.001955736894160509,0.4155636429786682
762_img_.png,0.0018443448934704065,0.41662123799324036
763_img_.png,0.0006787095335312188,0.3779054880142212
7643.png,0.000896514393389225,0.36065953969955444
764_img_.png,0.00125198345631361,0.31311118602752686
7654.png,0.0007839969475753605,0.29626965522766113
765_img_.png,0.0008532183710485697,0.35771602392196655
766_img_.png,0.0008143984596244991,0.3677964210510254
767_img_.png,0.0016005777288228273,0.4271399974822998
768_img_.png,0.0009118717862293124,0.12143871188163757
769_img_.png,0.0014292214764282107,0.38780587911605835
76_img_.png,0.0015057942364364862,0.23915700614452362
770_img_.png,0.0016389249358326197,0.39766961336135864
771_img_.png,0.0010835956782102585,0.3007467985153198
772_img_.png,0.0007515480974689126,0.29396870732307434
773_img_.png,0.0013332326197996736,0.3374503254890442
775_img_.png,0.0005103183793835342,0.272380530834198
776_img_.png,0.0004932453739456832,0.1894156038761139
777_img_.png,0.0004385971406009048,0.2913972735404968
778_img_.png,0.0003044132608920336,0.26808977127075195
779_img_.png,0.0004909476265311241,0.2630011737346649
77_img_.png,0.001092307735234499,0.3579772710800171
780_img_.png,0.000744371791370213,0.27771592140197754
781_img_.png,0.00046547799138352275,0.2237544059753418
782_img_.png,0.0010762589517980814,0.403719037771225
783_img_.png,0.00106819870416075,0.3862062394618988
784_img_.png,0.0018810719484463334,0.5069342851638794
785_img_.png,0.0009696934721432626,0.28140541911125183
786_img_.png,0.0005025773425586522,0.3821421265602112
787_img_.png,0.002636638469994068,0.43849700689315796
788_img_.png,0.0011608388740569353,0.2948584258556366
789_img_.png,0.0018666479736566544,0.3157104253768921
78_img_.png,0.0021317140199244022,0.6391324996948242
790_img_.png,0.0006347955204546452,0.3657997250556946
7916.png,0.0004861876368522644,0.33050620555877686
791_img_.png,0.0015148120000958443,0.3576653003692627
792_img_.png,0.0014579101698473096,0.4168846309185028
793_img_.png,0.0012930161319673061,0.5706344842910767
794_img_.png,0.001485859858803451,0.3278234302997589
795_img_.png,0.0017745370278134942,0.417838990688324
796_img_.png,0.0005342592485249043,0.43173155188560486
797_img_.png,0.001208451227284968,0.4149070382118225
798_img_.png,0.000599884195253253,0.46862417459487915
799_img_.png,0.0015057679265737534,0.4762709140777588
79_img_.png,0.001891543623059988,0.37088361382484436
7_img_.png,0.000629427726380527,0.3496263027191162
800_img_.png,0.0011021045502275229,0.3020440638065338
8010.png,0.0005149010103195906,0.3268553614616394
802_img_.png,0.001239209552295506,0.3750568628311157
803_img_.png,0.00046572356950491667,0.28574109077453613
8046.png,0.0003713686019182205,0.33358532190322876
804_img_.png,0.0008924875874072313,0.294546514749527
8056.png,0.0003647963749244809,0.2515084743499756
806_img_.png,0.002305631060153246,0.38069871068000793
807_img_.png,0.0009572431445121765,0.29494577646255493
808_img_.png,0.0008787845727056265,0.49873462319374084
809_img_.png,0.0006913906545378268,0.3762985169887543
80_img_.png,0.0019805780611932278,0.2664320468902588
810_img_.png,0.001176510937511921,0.40917181968688965
811_img_.png,0.0014741849154233932,0.33465176820755005
812_img_.png,0.0007668873877264559,0.3495250940322876
813_img_.png,0.0002875672362279147,0.2703884541988373
814_img_.png,0.0016558017814531922,0.2406129539012909
815_img_.png,0.001791935646906495,0.3875836133956909
816_img_.png,0.0012994185090065002,0.37600159645080566
817_img_.png,0.0013051279820501804,0.3780309557914734
818_img_.png,0.0006249899161048234,0.30088692903518677
819_img_.png,0.001986234448850155,0.43724149465560913
820_img_.png,0.003126883879303932,0.39197278022766113
821_img_.png,0.0028238706290721893,0.3885785639286041
822_img_.png,0.001359625719487667,0.38131293654441833
823_img_.png,0.0010589542798697948,0.4115975499153137
8262.png,0.00025840511079877615,0.37386029958724976
827_img_.png,0.0011869685258716345,0.3601456582546234
8288.png,0.0003802769351750612,0.3721410036087036
828_img_.png,0.0011848208960145712,0.3838382661342621
829_img_.png,0.0016322566661983728,0.3936293423175812
82_img_.png,0.0019097040640190244,0.25371500849723816
831_img_.png,0.0010391674004495144,0.42609894275665283
832_img_.png,0.001283825607970357,0.4196358621120453
833_img_.png,0.003251782152801752,0.44159170985221863
834_img_.png,0.000980340875685215,0.3611608147621155
835_img_.png,0.0006906418711878359,0.3738822937011719
837.png,0.0010552476160228252,0.3638046979904175
837_img_.png,0.00023958817473612726,0.2692362070083618
838_img_.png,0.003339699935168028,0.4029712975025177
841.png,0.00027763552498072386,0.2772323787212372
841_img_.png,0.0008910791366361082,0.6759241223335266
842_img_.png,0.005107410252094269,0.34459465742111206
843_img_.png,0.0015978162409737706,0.3501656651496887
844_img_.png,0.003730546683073044,0.4402322769165039
845_img_.png,0.0027658729813992977,0.24627259373664856
846_img_.png,0.0018953441176563501,0.4046793282032013
847_img_.png,0.002510086167603731,0.4388386011123657
848_img_.png,0.001665881834924221,0.18938805162906647
849_img_.png,0.011735373176634312,0.3937227725982666
850_img_.png,0.0010634862119331956,0.29025715589523315
851_img_.png,0.002468742895871401,0.29338034987449646
852_img_.png,0.0025578057393431664,0.530295729637146
854_img_.png,0.0023227930068969727,0.3303745687007904
855_img_.png,0.0006958021549507976,0.2764947712421417
856_img_.png,0.010892409831285477,0.3864932060241699
857_img_.png,0.0038712795358151197,0.3007441759109497
858_img_.png,0.00046784739242866635,0.27571287751197815
859_img_.png,0.001586579019203782,0.3286780118942261
860_img_.png,0.0034773731604218483,0.4324464499950409
861_img_.png,0.0010503575904294848,0.3038657009601593
862_img_.png,0.0009519451414234936,0.411199688911438
863_img_.png,0.0035319526214152575,0.3413672149181366
865_img_.png,0.00240429793484509,0.39014607667922974
866_img_.png,0.003647604025900364,0.39689600467681885
867_img_.png,0.0009299294324591756,0.32906171679496765
868_img_.png,0.003294253023341298,0.3987002968788147
869_img_.png,0.0034737512469291687,0.3502846360206604
86_img_.png,0.0008331452263519168,0.35245367884635925
871_img_.png,0.0010553882457315922,0.3825940489768982
872_img_.png,0.0012553194537758827,0.3268347382545471
873_img_.png,0.0015114240814000368,0.4000345766544342
874_img_.png,0.0009842586005106568,0.3850158452987671
875_img_.png,0.001997291808947921,0.227362722158432
876_img_.png,0.0026204343885183334,0.33816826343536377
877_img_.png,0.0025536268949508667,0.3672429323196411
878_img_.png,0.0028583684470504522,0.44295787811279297
879_img_.png,0.0015608558896929026,0.33254438638687134
87_img_.png,0.0016050792764872313,0.19948409497737885
880_img_.png,0.001529412460513413,0.3670514225959778
881_img_.png,0.0009363864082843065,0.23030757904052734
887_img_.png,0.0065810782834887505,0.40672892332077026
889_img_.png,0.0011016592616215348,0.23754054307937622
890.png,0.00027174281422048807,0.26254361867904663
890_img_.png,0.000534044171217829,0.25614917278289795
891_img_.png,0.00046907190699130297,0.3542574644088745
892_img_.png,0.0004836543812416494,0.18913158774375916
893_img_.png,0.0018725579138845205,0.3442919850349426
895_img_.png,0.0006113920826464891,0.41028159856796265
896_img_.png,0.0010509148705750704,0.2906356453895569
89_img_.png,0.0008621353190392256,0.21936634182929993
8_img_.png,0.00037335316301323473,0.27068275213241577
901_img_.png,0.013318929821252823,0.3245406746864319
904_img_.png,0.0014811017317697406,0.38635528087615967
905_img_.png,0.0008070989279076457,0.26405808329582214
906_img_.png,0.00025698269018903375,0.4034261405467987
907_img_.png,0.0002862511610146612,0.19943472743034363
908_img_.png,0.00030367961153388023,0.21690598130226135
909_img_.png,3.505786298774183e-05,0.3585444390773773
90_img_.png,0.0016980126965790987,0.20703734457492828
910_img_.png,0.0002229612146038562,0.3985527753829956
911_img_.png,0.0003388574405107647,0.3404609262943268
912_img_.png,0.001391323166899383,0.2573533356189728
913_img_.png,0.0041089896112680435,0.3852728009223938
914_img_.png,0.003589506261050701,0.3931352198123932
915_img_.png,0.007410325109958649,0.4734072685241699
916_img_.png,0.008301125839352608,0.36425259709358215
917_img_.png,0.002369251800701022,0.27026888728141785
918_img_.png,0.004323335364460945,0.3798382878303528
919_img_.png,0.002951342146843672,0.35572636127471924
91_img_.png,0.0008304184884764254,0.5678989887237549
920_img_.png,0.005721387453377247,0.3379130959510803
921_img_.png,0.004542950540781021,0.3887157440185547
922_img_.png,0.0018965359777212143,0.21596276760101318
923_img_.png,0.011238399893045425,0.515397846698761
924_img_.png,0.008038549683988094,0.5348942279815674
925_img_.png,0.01067351084202528,0.39232784509658813
926_img_.png,0.007038518786430359,0.46383774280548096
927_img_.png,0.007148111704736948,0.4140775799751282
928_img_.png,0.007708385121077299,0.5103837251663208
929_img_.png,0.006220608483999968,0.502812385559082
92_img_.png,0.001853292342275381,0.21230290830135345
94_img_.png,0.0016020962502807379,0.37596946954727173
9547.png,0.0011240055318921804,0.34007176756858826
9554.png,0.0006878453423269093,0.2562836706638336
9557.png,0.0005203763721510768,0.2588672637939453
9567.png,0.000555553415324539,0.34249818325042725
95_img_.png,0.001858350820839405,0.20634272694587708
96_img_.png,0.004547642543911934,0.31523334980010986
97_img_.png,0.00137618079315871,0.17851562798023224
9896.png,0.004110562615096569,0.3770485520362854
98_img_.png,0.0027448718901723623,0.34778711199760437
9900.png,0.002752722008153796,0.2500458061695099
9907.png,0.003130680648609996,0.3234851360321045
9947.png,0.0032796505838632584,0.38510367274284363
99_img_.png,0.0008313464350067079,0.3734185993671417
9_img_.png,0.0006826724857091904,0.3572928309440613
